,City,Cloudiness,Country,Date,Humidity,Lat,Lng,Max Temp,Wind Speed
0,Rikitea,76,PF,1535161134,100,-23.12,-134.97,70.14,12.55
1,Alofi,90,NU,1535158800,74,-19.06,-169.92,78.8,8.05
2,Puerto Leguizamo,12,CO,1535161137,93,-0.19,-74.78,74.55,2.15
3,Hobart,0,AU,1535158800,54,-42.88,147.33,57.2,11.41
4,Tiksi,0,RU,1535161141,96,71.64,128.87,46.29,6.73
5,Atuona,68,PF,1535161143,100,-9.8,-139.03,78.87,16.24
6,Mataura,68,NZ,1535161144,76,-46.19,168.86,48.72,17.02
7,Punta Arenas,0,CL,1535158800,64,-53.16,-70.91,39.2,11.41
8,Marzuq,56,YE,1535160893,61,14.4,46.47,66.18,2.48
9,Octeville,75,FR,1535160000,76,49.63,-1.64,57.2,10.29
10,Solenzo,76,BF,1535161150,99,12.18,-4.08,69.96,6.06
11,Itarema,0,BR,1535161152,88,-2.92,-39.92,76.17,12.55
12,Lorengau,24,PG,1535161153,100,-2.02,147.27,83.01,6.62
13,Albany,20,US,1535158500,68,42.65,-73.75,73.4,3.36
14,Yellowknife,75,CA,1535158800,54,62.45,-114.38,53.6,5.82
15,Bluff,0,AU,1535161159,38,-23.58,149.07,75.09,7.74
16,Bida,92,NG,1535161161,100,9.08,6.02,69.51,3.38
17,Hermanus,20,ZA,1535161024,89,-34.42,19.24,42.15,5.39
18,Kununurra,0,AU,1535158800,11,-15.77,128.74,80.6,8.05
19,Marsa Matruh,0,EG,1535155200,83,31.35,27.25,77.0,4.7
20,Kosonsoy,0,UZ,1535158800,52,41.25,71.55,66.2,6.93
21,Sangar,76,RU,1535161168,63,63.92,127.47,60.06,3.38
22,Goderich,92,CA,1535161170,68,43.74,-81.71,68.7,13.11
23,Port Alfred,0,ZA,1535161172,79,-33.59,26.89,65.46,16.24
24,Arica,90,CL,1535158800,67,-18.48,-70.32,60.8,4.7
25,Gondanglegi,0,ID,1535161175,48,-7.75,112.01,83.73,3.49
26,Itatskiy,0,RU,1535161176,70,56.07,89.04,67.62,4.5
27,Yar-Sale,20,RU,1535161179,87,66.83,70.83,59.52,4.16
28,Lata,68,IN,1535161180,100,30.78,78.62,61.86,0.69
29,Severo-Kurilsk,0,RU,1535161182,91,50.68,156.12,55.02,3.94
30,Cidreira,100,BR,1535161183,98,-30.17,-50.22,61.59,16.69
31,Tlacotepec,90,MX,1535158020,81,18.96,-99.93,53.6,6.93
32,Dunedin,0,NZ,1535160952,69,-45.87,170.5,46.74,14.45
33,Loa Janan,68,ID,1535161188,72,-0.58,117.09,85.44,2.93
34,Ushuaia,75,AR,1535158800,96,-54.81,-68.31,44.6,19.46
35,Upernavik,0,GL,1535161098,97,72.79,-56.15,39.72,10.2
36,Byron Bay,40,AU,1535158800,56,-28.65,153.62,68.0,10.29
37,Daru,92,SL,1535161215,99,7.99,-10.85,72.39,5.73
38,Cape Town,20,ZA,1535158800,93,-33.93,18.42,46.4,4.7
39,Vanavara,20,RU,1535161219,73,60.35,102.28,62.22,5.06
40,Pedernales,88,EC,1535161221,90,0.07,-80.05,71.94,7.07
41,Puerto Ayora,80,EC,1535161224,100,-0.74,-90.35,70.59,13.67
42,Ribeira Grande,36,PT,1535161114,100,38.52,-28.7,74.64,10.54
43,Mattru,80,SL,1535161227,99,7.62,-11.83,74.37,3.04
44,Angoche,0,MZ,1535161229,100,-16.23,39.91,76.53,9.64
45,Jamestown,0,AU,1535161231,48,-33.21,138.6,59.61,8.52
46,Ust-Kulom,0,RU,1535161233,94,61.69,53.69,47.28,5.61
47,Kontagora,92,NG,1535161234,98,10.4,5.47,70.41,3.71
48,Lebu,75,ET,1535158800,93,8.96,38.73,55.4,4.7
49,Carnarvon,0,ZA,1535161237,36,-30.97,22.13,34.14,8.08
50,Hammerfest,75,NO,1535158200,81,70.66,23.68,53.6,23.04
51,Touros,80,BR,1535161241,100,-5.2,-35.46,73.47,12.21
52,Kaitangata,64,NZ,1535161242,75,-46.28,169.85,47.46,19.15
53,Gat,0,SN,1535161244,95,14.69,-16.54,75.36,6.17
54,Cabra,0,ES,1535160600,50,37.47,-4.43,77.0,3.36
55,Herat,0,AF,1535158500,20,34.35,62.22,64.4,12.21
56,Parana,0,BR,1535158800,94,-7.52,-72.89,73.4,3.04
57,Saint-Pierre,88,FR,1535160600,76,48.95,4.24,57.2,12.75
58,Kapaa,90,US,1535159580,100,22.08,-159.32,86.0,21.92
59,Ypsonas,0,CY,1535160600,88,34.69,32.96,75.2,6.93
60,Shetpe,0,KZ,1535161256,44,44.14,52.16,54.03,3.71
61,Sitka,44,US,1535161258,68,37.17,-99.65,77.07,8.19
62,Springdale,1,US,1535158680,72,36.19,-94.13,82.94,9.17
63,New Norfolk,0,AU,1535158800,54,-42.78,147.06,57.2,11.41
64,Pevek,88,RU,1535161263,100,69.7,170.27,37.56,11.54
65,Semey,20,KZ,1535161265,91,50.41,80.25,63.66,5.95
66,Bambanglipuro,0,ID,1535161267,51,-7.95,110.28,84.63,4.38
67,Enshi,0,CN,1535161269,68,30.29,109.48,77.97,2.15
68,East London,0,ZA,1535161270,98,-33.02,27.91,67.8,26.53
69,Butaritari,12,KI,1535161272,100,3.07,172.79,83.46,3.38
70,Copperas Cove,1,US,1535159700,35,31.12,-97.9,95.0,8.05
71,Wanning,75,AT,1535158200,82,48.64,13.53,62.6,11.41
72,Gisborne,12,NZ,1535161161,56,-38.66,178.02,58.44,14.67
73,Kodiak,20,US,1535158380,82,39.95,-94.76,82.94,3.36
74,Busselton,0,AU,1535161024,100,-33.64,115.35,59.61,6.51
75,Berlevag,92,NO,1535161283,99,70.86,29.09,49.53,19.04
76,Pacific Grove,90,US,1535159400,75,36.62,-121.92,66.2,10.29
77,Vysokogornyy,0,RU,1535161286,59,50.1,139.13,69.69,3.04
78,Kiunga,48,PG,1535161288,92,-6.12,141.3,76.26,1.36
79,Kirakira,80,SB,1535161291,100,-10.46,161.92,77.79,10.42
80,Baoro,92,CF,1535161292,98,5.69,15.95,67.26,3.04
81,Mwinilunga,0,ZM,1535161293,54,-11.73,24.43,57.81,4.5
82,Pochutla,90,MX,1535157900,73,15.74,-96.47,75.2,11.41
83,Georgetown,0,GY,1535158800,100,6.8,-58.16,77.0,4.7
84,Sao Joao da Barra,0,BR,1535161299,95,-21.64,-41.05,74.46,27.76
85,Dingle,80,PH,1535161301,79,11.0,122.67,82.92,7.74
86,Katsuura,40,JP,1535158800,62,33.93,134.5,89.6,5.82
87,Ucluelet,40,CA,1535158800,72,48.94,-125.55,62.6,8.05
88,Cabo San Lucas,75,MX,1535157780,78,22.89,-109.91,80.6,13.87
89,Padang,0,ID,1535161307,100,-0.92,100.36,81.39,9.19
90,Hualmay,32,PE,1535161309,96,-11.1,-77.61,53.22,5.5
91,Esperance,20,TT,1535158800,88,10.24,-61.45,78.8,4.7
92,Wundanyi,0,KE,1535161312,91,-3.4,38.37,53.94,2.59
93,Haines Junction,68,CA,1535161314,50,60.75,-137.51,54.48,3.04
94,Barrow,0,AR,1535161316,88,-38.31,-60.23,36.21,5.5
95,Mahibadhoo,12,MV,1535161317,100,3.78,72.97,82.47,7.74
96,Cururupu,0,BR,1535161319,86,-1.82,-44.87,76.89,6.4
97,Thompson,90,CA,1535159400,81,55.74,-97.86,50.0,2.24
98,Pontianak,40,ID,1535158800,83,-0.02,109.34,80.6,4.7
99,Iqaluit,75,CA,1535159040,80,63.75,-68.52,41.0,13.87
100,Maxixe,0,MZ,1535161326,100,-23.86,35.35,68.34,8.19
101,Klaksvik,88,FO,1535160000,76,62.23,-6.59,48.2,19.46
102,Te Anau,8,NZ,1535161330,79,-45.41,167.72,45.66,5.61
103,Riberalta,80,BO,1535161332,96,-11.0,-66.08,70.86,1.36
104,Khatanga,0,RU,1535161333,77,71.98,102.47,60.06,15.23
105,Villefranche-sur-Saone,0,FR,1535160600,55,45.98,4.72,62.6,3.49
106,Barinas,36,VE,1535161336,89,8.64,-70.23,74.73,3.6
107,Ozernovskiy,20,RU,1535161135,89,51.5,156.52,54.84,6.62
108,Oksfjord,92,NO,1535158200,87,70.24,22.35,53.6,12.75
109,Avarua,20,CK,1535158800,74,-21.21,-159.78,82.4,8.05
110,San Patricio,8,PY,1535161343,76,-26.98,-56.83,52.05,8.41
111,Victoria,75,BN,1535158800,79,5.28,115.24,86.0,3.36
112,Tulum,75,MX,1535158020,94,20.21,-87.46,78.8,3.49
113,Luderitz,88,NA,1535161349,96,-26.65,15.16,51.87,0.69
114,Tuatapere,8,NZ,1535161350,100,-46.13,167.69,47.91,17.58
115,Ilulissat,68,GL,1535158200,50,69.22,-51.1,51.8,23.04
116,Corn Island,80,NI,1535161353,100,12.17,-83.04,80.94,13.44
117,Talnakh,68,RU,1535161355,62,69.49,88.39,57.63,6.4
118,Kidal,0,ML,1535161174,46,18.44,1.41,78.87,3.49
119,Magan,75,RU,1535158800,72,62.1,129.53,59.0,4.47
120,Nushki,0,PK,1535161360,31,29.55,66.02,67.8,2.48
121,Provideniya,64,RU,1535161362,100,64.42,-173.23,47.46,4.61
122,Bredasdorp,24,ZA,1535158800,93,-34.53,20.04,37.4,2.24
123,Joplin,1,US,1535159700,77,37.08,-94.51,84.2,9.17
124,Qaanaaq,0,GL,1535161126,100,77.48,-69.36,34.05,6.06
125,Moose Factory,90,CA,1535159700,93,51.26,-80.61,51.8,3.36
126,Hilo,90,US,1535158860,96,19.71,-155.08,77.0,16.11
127,Jacareacanga,0,BR,1535161200,81,-6.22,-57.76,76.98,2.15
128,Arraial do Cabo,0,BR,1535161373,84,-22.97,-42.02,73.11,23.85
129,Sobolevo,0,RU,1535161374,68,54.43,31.9,54.84,11.65
130,Salalah,90,OM,1535158200,100,17.01,54.1,73.4,4.7
131,Tuktoyaktuk,75,CA,1535158800,57,69.44,-133.03,50.0,4.7
132,Vaini,100,IN,1535161378,99,15.34,74.49,68.97,4.16
133,Geraldton,90,CA,1535158800,82,49.72,-86.95,64.4,8.05
134,Terrasini,40,IT,1535160000,83,38.15,13.08,73.4,6.93
135,Boguchany,76,RU,1535161383,91,58.38,97.46,60.33,2.71
136,Belmonte,0,PT,1535161384,78,40.36,-7.35,55.74,3.04
137,Leningradskiy,80,RU,1535161386,100,69.38,178.42,36.93,14.0
138,Havre-Saint-Pierre,20,CA,1535158800,81,50.23,-63.6,53.6,8.05
139,Warren,75,US,1535159700,45,42.48,-83.03,76.46,3.36
140,Taoudenni,0,ML,1535161391,18,22.68,-3.98,82.92,8.52
141,Bara,64,NG,1535161393,94,10.41,10.6,70.14,7.4
142,Zaraza,24,VE,1535161395,96,9.35,-65.33,74.01,3.38
143,Manta,0,RO,1535161280,90,45.1,24.1,58.44,2.71
144,Garmsar,12,IR,1535161398,49,35.22,52.34,64.11,3.71
145,Dongsheng,0,CN,1535161399,59,29.72,112.52,88.32,11.1
146,Pantai Remis,75,MY,1535158800,83,4.46,100.63,78.8,4.7
147,Collie,0,AU,1535161403,86,-33.36,116.15,59.43,3.04
148,Namibe,12,AO,1535161405,100,-15.19,12.15,64.47,3.04
149,Guerrero Negro,0,MX,1535161406,83,27.97,-114.04,72.66,11.21
150,Westport,88,IE,1535161408,93,53.8,-9.52,51.96,8.41
151,Nova Vicosa,8,BR,1535161410,94,-17.89,-39.37,69.87,8.08
152,Nacimiento,32,CL,1535161156,89,-37.5,-72.67,35.76,5.17
153,Walvis Bay,88,NA,1535161413,100,-22.95,14.51,52.68,6.96
154,Dikson,12,RU,1535161415,83,73.51,80.55,51.78,11.1
155,Sakaiminato,75,JP,1535158800,62,35.55,133.23,87.8,8.05
156,Paciran,0,ID,1535161418,48,-6.9,112.33,87.24,3.94
157,Kupino,80,RU,1535161419,85,54.36,77.31,65.82,4.05
158,Flin Flon,92,CA,1535161421,100,54.77,-101.88,47.37,9.08
159,Isangel,76,VU,1535161423,100,-19.55,169.27,72.57,18.7
160,Karratha,0,AU,1535161424,21,-20.74,116.85,78.15,15.01
161,Tautira,40,PF,1535157000,62,-17.73,-149.15,84.2,18.34
162,Jaisinghnagar,92,IN,1535161427,93,23.63,78.57,75.81,13.78
163,Uyuni,0,BO,1535161429,62,-20.46,-66.82,24.6,5.17
164,Airai,12,TL,1535161430,48,-8.93,125.41,82.56,0.58
165,Lincoln,1,US,1535159700,69,40.8,-96.67,80.96,4.7
166,Clyde River,1,CA,1535158800,100,70.47,-68.59,37.4,19.46
167,Panama City,1,US,1535158560,91,30.16,-85.65,79.88,6.96
168,Lingyuan,0,CN,1535161437,52,41.24,119.4,74.64,8.63
169,Belyy Yar,0,RU,1535158800,82,53.6,91.39,59.0,4.16
170,Saint-Philippe,1,CA,1535160900,91,45.36,-73.48,75.2,7.52
171,Dubbo,90,AU,1535158800,67,-32.25,148.6,59.0,11.41
172,Waingapu,0,ID,1535161566,52,-9.65,120.26,84.0,5.06
173,Mocuba,0,MZ,1535161568,81,-16.84,36.99,63.66,2.59
174,Runcu,0,RO,1535160600,72,44.59,26.21,68.0,5.82
175,Valreas,0,FR,1535160600,52,44.38,4.99,68.0,17.22
176,Bereda,0,ES,1535160600,87,43.27,-7.54,57.2,3.36
177,Nueva Guinea,92,NI,1535161575,85,11.69,-84.46,78.33,4.61
178,Lagoa,0,PT,1535160600,41,37.14,-8.45,78.8,1.12
179,La Ronge,90,CA,1535158800,87,55.1,-105.3,44.6,12.75
180,Leh,88,IN,1535161583,82,34.16,77.58,35.31,0.36
181,Nouadhibou,0,MR,1535161585,84,20.93,-17.03,74.01,5.06
182,College,90,US,1535159700,76,64.86,-147.8,55.94,10.29
183,Cockburn Town,44,TC,1535161588,95,21.46,-71.14,84.27,19.6
184,Mar del Plata,8,AR,1535161589,64,-46.43,-67.52,43.95,17.02
185,Morgan City,20,US,1535159700,87,29.7,-91.21,80.96,3.36
186,Vostok,80,RU,1535161524,59,46.45,135.83,68.79,4.16
187,San Cristobal,75,EC,1535158800,71,-0.39,-78.55,53.6,14.99
188,Krasnoborsk,88,RU,1535161597,93,61.56,45.93,50.7,4.5
189,Talcahuano,0,CL,1535158800,75,-36.72,-73.12,46.4,10.29
190,Aklavik,75,CA,1535158800,54,68.22,-135.01,53.6,2.24
191,Becal,75,MX,1535158320,74,20.44,-90.03,80.6,5.82
192,Laguna,20,MX,1535157720,47,27.52,-110.01,95.0,8.05
193,Vadinsk,0,RU,1535161604,75,53.69,43.04,47.55,2.59
194,Balabac,92,PH,1535161606,98,7.99,117.06,85.17,5.61
195,Anloga,40,GH,1535158800,94,5.79,0.9,75.2,10.29
196,Tasiilaq,88,GL,1535158200,86,65.61,-37.64,39.2,5.82
197,Grindavik,20,IS,1535158800,93,63.84,-22.43,48.2,10.29
198,Clinton,1,US,1535159700,74,30.87,-91.02,84.02,6.96
199,Ivdel,92,RU,1535161614,97,60.7,60.42,57.99,10.54
200,Shingu,75,JP,1535158800,88,33.72,135.99,82.4,10.29
201,Luoyang,0,CN,1535161617,76,34.66,112.42,81.66,6.62
202,Souillac,75,FR,1535160600,82,45.6,-0.6,57.2,4.5
203,Ron Phibun,75,TH,1535158800,79,8.18,99.85,84.2,2.71
204,Alvorada,75,BR,1535158800,93,-30.0,-51.08,59.0,16.11
205,Bilibino,92,RU,1535161545,97,68.06,166.44,38.64,3.38
206,Bathsheba,20,BB,1535158800,74,13.22,-59.52,80.6,13.87
207,Porbandar,92,IN,1535161626,92,21.64,69.61,79.14,17.47
208,Calama,0,CL,1535158800,9,-22.46,-68.93,55.4,4.7
209,Norman Wells,40,CA,1535158800,71,65.28,-126.83,55.4,13.87
210,Aleksandrovskoye,0,RU,1535161631,82,56.74,85.39,62.49,3.49
211,Sundern,56,DE,1535160000,58,51.33,8.01,57.2,9.17
212,Kavieng,44,PG,1535161596,100,-2.57,150.8,82.47,2.15
213,Ahipara,92,NZ,1535161578,85,-35.17,173.16,56.91,17.81
214,Zyryanskoye,0,RU,1535161639,89,56.83,86.62,62.22,4.16
215,Ekhabi,0,RU,1535161640,60,53.51,142.97,73.38,11.99
216,Sorland,92,NO,1535161545,100,67.67,12.69,53.67,22.5
217,Axim,92,GH,1535161644,98,4.87,-2.24,75.99,13.56
218,Avera,1,US,1535158500,60,33.19,-82.53,80.06,4.7
219,Bambous Virieux,20,MU,1535158800,78,-20.34,57.76,71.6,14.99
220,Tsiroanomandidy,0,MG,1535161648,83,-18.77,46.05,44.67,3.94
221,Bayanday,8,RU,1535161650,82,53.07,105.52,61.86,3.94
222,Pisco,0,PE,1535158800,82,-13.71,-76.2,60.8,13.87
223,Faanui,48,PF,1535161524,100,-16.48,-151.75,80.22,9.08
224,Bethel,90,US,1535158380,77,60.79,-161.76,53.96,16.11
225,Hithadhoo,8,MV,1535161591,100,-0.6,73.08,82.29,2.48
226,Elko,1,US,1535158560,3,40.83,-115.76,86.0,16.11
227,Nikolskoye,0,RU,1535158800,77,59.7,30.79,59.0,8.95
228,Gerede,0,TR,1535161660,76,40.8,32.2,50.52,2.15
229,Lamar,1,US,1535158380,22,38.09,-102.62,87.98,9.17
230,Tucuman,0,PE,1535161665,71,-17.17,-70.89,47.46,0.58
231,Hokitika,20,NZ,1535161667,92,-42.72,170.96,52.32,10.42
232,Ngunguru,48,NZ,1535161669,97,-35.62,174.5,58.44,22.06
233,Puyo,20,EC,1535161670,88,-1.48,-78.0,57.0,2.71
234,Lima,48,PE,1535161424,74,-12.06,-77.04,58.62,2.71
235,San Ramon de la Nueva Oran,12,AR,1535161674,45,-23.13,-64.33,52.86,5.95
236,Hambantota,32,LK,1535161609,92,6.12,81.12,81.84,16.8
237,Tromso,90,NO,1535158200,87,69.65,18.96,50.0,23.04
238,Tabou,92,CI,1535161565,100,4.42,-7.36,77.97,14.56
239,Naze,75,NG,1535158800,94,5.43,7.07,75.2,3.04
240,Tiarei,40,PF,1535160600,65,-17.53,-149.33,82.4,18.34
241,Sembakung,36,ID,1535161684,78,3.82,117.25,84.9,2.37
242,Ancud,92,CL,1535161482,98,-41.87,-73.83,44.76,10.65
243,Lavrentiya,32,RU,1535161686,96,65.58,-170.99,47.37,5.5
244,Valkeala,75,FI,1535160000,88,60.94,26.8,62.6,8.05
245,Hirara,75,JP,1535158800,79,24.8,125.28,86.0,8.05
246,Polunochnoye,92,RU,1535161691,97,60.87,60.43,57.99,10.54
247,Aksarka,44,RU,1535161693,83,66.56,67.8,59.16,4.61
248,Windhoek,0,NA,1535161695,38,-22.57,17.08,40.26,6.17
249,Srednekolymsk,32,RU,1535161696,67,67.46,153.71,48.54,4.94
250,Hanna,76,CA,1535161698,77,51.64,-111.93,53.22,7.74
251,Viedma,8,AR,1535161700,83,-40.81,-62.99,30.54,2.59
252,Taihe,0,CN,1535161702,55,26.8,114.92,87.06,11.43
253,Ushtobe,24,KZ,1535161703,33,45.25,77.98,76.17,7.52
254,Christchurch,0,NZ,1535158800,53,-43.53,172.64,50.0,12.75
255,Saint George,20,GR,1535158200,68,39.45,22.34,68.0,4.7
256,Seymchan,76,RU,1535161709,65,62.93,152.39,57.27,7.63
257,Constantine,0,DZ,1535160600,93,36.36,6.61,62.6,3.71
258,La Mesa,1,US,1535158560,65,32.77,-117.02,77.0,6.93
259,Castro,92,CL,1535161699,100,-42.48,-73.76,43.86,11.54
260,Vila,75,IT,1535160000,78,45.18,8.4,71.6,11.41
261,Bainbridge,90,US,1535159700,88,30.9,-84.58,84.92,11.41
262,Saint-Francois,0,FR,1535160600,81,46.42,3.91,51.8,3.36
263,Khuzhir,24,RU,1535161721,84,53.19,107.35,60.06,4.05
264,Nyurba,48,RU,1535161723,75,63.29,118.35,59.61,3.6
265,Cuamba,0,MZ,1535161725,70,-14.8,36.54,61.95,3.15
266,Mahebourg,20,MU,1535158800,78,-20.41,57.7,71.6,14.99
267,Creston,1,US,1535160900,83,41.06,-94.36,80.06,5.82
268,Honningsvag,100,NO,1535161447,97,70.98,25.97,50.79,16.58
269,Mehamn,92,NO,1535161731,97,71.03,27.85,50.07,18.03
270,Cayenne,0,GF,1535158800,94,4.94,-52.33,77.0,2.24
271,Olinda,75,EC,1535158800,78,-2.03,-79.75,73.4,11.41
272,San Vicente,40,SV,1535158200,100,13.64,-88.78,82.4,3.36
273,Valparaiso,90,US,1535159700,70,41.47,-87.06,69.08,14.99
274,Port Blair,92,IN,1535161740,100,11.67,92.75,78.24,24.07
275,Acapulco,75,MX,1535158080,74,16.86,-99.88,84.2,8.05
276,Kruisfontein,0,ZA,1535161743,85,-34.0,24.73,56.64,7.18
277,Nanortalik,88,GL,1535161599,100,60.14,-45.24,40.62,33.24
278,Evensk,48,RU,1535161746,97,61.92,159.24,53.31,8.08
279,Chuy,92,UY,1535161560,100,-33.69,-53.46,48.09,31.79
280,Adrar,0,DZ,1535158800,23,27.87,-0.29,87.8,11.41
281,Cordoba,20,CO,1535161694,75,5.59,-73.79,49.08,2.04
282,Sao Filipe,88,CV,1535161754,100,14.9,-24.5,77.16,6.51
283,Fabriano,0,IT,1535158200,88,43.34,12.9,66.2,3.36
284,Nizhniy Kuranakh,0,RU,1535161610,68,58.84,125.49,63.3,3.38
285,Trairi,0,BR,1535161759,97,-3.28,-39.27,79.95,17.25
286,Saskylakh,0,RU,1535161760,88,71.97,114.09,54.57,7.07
287,Rudnya,0,RU,1535161763,73,50.8,44.56,47.82,2.59
288,Marsh Harbour,48,BS,1535161704,99,26.54,-77.06,83.91,15.57
289,Balkanabat,8,TM,1535161766,39,39.51,54.36,66.99,3.38
290,Whitehorse,75,CA,1535158800,62,60.72,-135.06,57.2,3.36
291,Lere,88,TD,1535161769,97,9.66,14.23,70.86,3.6
292,Kosa,0,RU,1535161771,94,59.94,54.99,49.17,10.98
293,Launceston,75,AU,1535160600,66,-41.43,147.14,53.6,13.87
294,Batagay,0,RU,1535161775,68,67.65,134.64,57.09,12.66
295,San Jeronimito,75,MX,1535158080,66,17.55,-101.33,87.8,3.36
296,Kassala,8,SD,1535161735,96,15.45,36.38,68.07,4.94
297,Namatanai,68,PG,1535161780,100,-3.66,152.44,82.47,2.71
298,Barra do Garcas,68,BR,1535161761,57,-15.89,-52.26,79.32,7.74
299,Ormara,68,PK,1535161514,94,25.21,64.64,78.42,15.46
300,Margate,0,AU,1535160600,50,-43.03,147.26,57.2,12.75
301,Huinan,24,CN,1535161788,98,42.68,126.04,70.59,11.21
302,Vigeland,0,NO,1535160000,100,58.46,8.52,42.8,4.7
303,Constitucion,75,MX,1535158020,46,23.99,-104.67,71.6,8.05
304,Hasaki,75,JP,1535158800,66,35.73,140.83,89.6,18.34
305,Quesnel,90,CA,1535158800,42,52.98,-122.49,68.0,5.82
306,Rio Gallegos,0,AR,1535158800,60,-51.62,-69.22,39.2,13.87
307,Champerico,20,MX,1535157720,69,16.38,-93.6,80.6,13.87
308,Pearl Lagoon,88,NI,1535161799,100,12.34,-83.67,80.49,11.1
309,Shumskiy,0,RU,1535161800,76,54.83,99.13,65.64,2.93
310,Ahuimanu,90,US,1535159220,82,21.44,-157.84,82.94,19.46
311,Saldanha,0,PT,1535161628,80,41.42,-6.55,52.59,2.59
312,Pangody,64,RU,1535161650,60,65.85,74.49,64.74,4.72
313,Oudtshoorn,0,ZA,1535158800,76,-33.59,22.2,48.2,3.36
314,Chokurdakh,88,RU,1535161699,81,70.62,147.9,43.86,14.12
315,Komsomolskiy,80,RU,1535161810,99,67.55,63.78,47.91,14.0
316,Bryant,20,US,1535158560,76,34.6,-92.49,86.0,8.05
317,Khandyga,68,RU,1535161869,96,62.65,135.58,59.25,3.49
318,Terra Santa,0,BR,1535161816,53,-2.1,-56.49,85.35,5.95
319,La Grande,1,US,1535158560,31,45.32,-118.09,75.02,12.75
320,Pitimbu,75,BR,1535158800,100,-7.47,-34.81,71.6,8.05
321,Alekseyevsk,92,RU,1535161821,99,57.84,108.35,53.49,3.49
322,Codrington,76,AU,1535161573,82,-28.95,153.24,62.58,3.49
323,Matagami,92,NG,1535161824,99,9.67,8.4,66.54,3.6
324,Oranjemund,92,ZA,1535161826,100,-28.55,16.43,55.92,9.42
325,Leshukonskoye,12,RU,1535161828,89,64.9,45.76,46.92,4.05
326,Severnoye,0,RU,1535161830,91,54.09,52.54,57.99,8.08
327,Nishihara,40,JP,1535158800,59,35.74,139.53,93.2,9.17
328,Havelock,40,US,1535158680,73,34.88,-76.9,77.0,6.93
329,Narsaq,92,GL,1535158200,46,60.91,-46.05,53.6,10.29
330,Henties Bay,88,NA,1535161837,100,-22.12,14.28,51.24,4.72
331,Nantucket,1,US,1535159700,100,41.28,-70.1,71.06,4.7
332,Fairbanks,90,US,1535159700,76,64.84,-147.72,55.94,10.29
333,Praia da Vitoria,75,PT,1535158800,88,38.73,-27.07,73.4,9.08
334,Manyana,90,AU,1535158800,77,-35.26,150.51,60.8,8.05
335,Banyuwangi,0,ID,1535161846,77,-8.21,114.37,79.14,4.61
336,Paragominas,0,BR,1535161848,87,-3.0,-47.35,75.45,5.17
337,Urrao,92,CO,1535161850,99,6.32,-76.13,64.11,0.92
338,Naron,0,ES,1535160600,87,43.52,-8.15,57.2,3.36
339,North Bend,1,US,1535159700,69,43.41,-124.22,64.04,21.92
340,Beian,75,NO,1535158200,87,63.66,9.57,51.8,8.05
341,Nadapuram,92,IN,1535161857,96,11.7,75.65,71.4,1.59
342,Aripuana,36,BR,1535161859,82,-9.17,-60.63,76.17,1.7
343,Sept-Iles,90,CA,1535158800,54,50.2,-66.38,59.0,5.82
344,Vestmanna,88,FO,1535160000,76,62.16,-7.17,48.2,19.46
345,Villa Carlos Paz,0,AR,1535158800,30,-31.42,-64.5,42.8,8.05
346,Cherskiy,76,RU,1535161866,90,68.75,161.3,39.9,5.95
347,Broome,8,GB,1535160000,93,52.47,1.45,48.2,9.17
348,Stendal,76,DE,1535161871,65,52.61,11.86,56.46,6.73
349,Lhokseumawe,44,ID,1535161872,97,5.18,97.15,84.54,4.38
350,Ust-Maya,76,RU,1535161638,86,60.42,134.54,58.71,4.5
351,Lompoc,1,US,1535160900,60,34.64,-120.46,68.0,11.41
352,Hofn,12,IS,1535161878,100,64.25,-15.21,46.02,4.5
353,Alta Floresta,20,BR,1535161882,74,-9.87,-56.08,78.69,1.92
354,Copiapo,0,CL,1535158800,81,-27.37,-70.33,51.8,2.24
355,Ponta do Sol,32,BR,1535161886,66,-20.63,-46.0,63.57,5.95
356,Winton,0,AU,1535161888,46,-22.38,143.04,74.37,9.53
357,Kampot,92,KH,1535161889,82,10.62,104.18,81.39,4.61
358,Longyearbyen,40,NO,1535158200,64,78.22,15.63,39.2,12.75
359,Zabaykalsk,80,CN,1535161895,63,49.64,117.33,75.36,4.5
360,The Valley,20,AI,1535158800,69,18.22,-63.06,82.4,11.41
361,Quatre Cocos,20,MU,1535158800,78,-20.21,57.76,71.6,14.99
362,Kaihua,68,CN,1535161901,73,29.14,118.41,78.78,5.5
363,Jinji,20,CN,1535161903,84,22.16,112.49,87.69,3.15
364,Sangin,0,AF,1535161905,64,32.07,64.85,69.42,3.15
365,Coquimbo,0,CL,1535158800,71,-29.95,-71.34,53.6,4.7
366,Talaya,0,RU,1535161908,75,55.79,84.89,65.37,4.38
367,Broken Hill,0,AU,1535161911,50,-31.97,141.45,62.67,13.56
368,Zhangjiakou,20,CN,1535161913,61,40.77,114.88,73.47,4.38
369,Shahdadkot,0,PK,1535161915,72,27.85,67.91,83.64,3.71
370,Anshun,68,CN,1535161917,80,26.25,105.93,73.56,4.5
371,Lucera,0,IT,1535161919,95,41.51,15.34,61.41,2.93
372,Aitape,64,PG,1535161920,100,-3.15,142.36,80.49,3.38
373,Kandrian,92,PG,1535161947,94,-6.21,149.55,77.97,3.6
374,Okato,56,NZ,1535161948,96,-39.19,173.88,55.2,24.18
375,Waddan,0,LY,1535161950,53,29.16,16.14,74.37,6.51
376,Anadyr,20,RU,1535158800,76,64.73,177.51,57.2,6.71
377,Torbay,40,CA,1535158800,77,47.66,-52.73,64.4,17.22
378,Shimoda,20,JP,1535158800,79,34.7,138.93,86.0,24.16
379,Kudahuvadhoo,56,MV,1535161958,100,2.67,72.89,82.38,5.73
380,Alexandria,40,US,1535160900,70,31.31,-92.44,89.06,5.06
381,Jinchang,0,CN,1535161961,82,38.52,102.19,63.39,3.71
382,Santa Cruz,40,US,1535161140,74,36.97,-122.03,75.2,13.87
383,Ola,90,RU,1535158800,88,59.58,151.3,64.4,10.98
384,Horsham,0,AU,1535161967,96,-36.71,142.2,58.98,4.5
385,Troitsko-Pechorsk,92,RU,1535161968,85,62.71,56.19,53.67,6.62
386,Kamenka,0,RU,1535161970,77,53.19,44.05,47.55,2.71
387,Palmer,90,US,1535160600,72,61.6,-149.11,64.04,1.92
388,Bandarbeyla,12,SO,1535161973,92,9.49,50.81,76.08,32.12
389,Vila Velha,20,BR,1535158800,83,-3.71,-38.6,78.8,8.05
390,Peniche,0,PT,1535160600,64,39.36,-9.38,68.0,6.93
391,Grants Pass,1,US,1535158560,47,42.44,-123.33,80.06,3.36
392,Mount Isa,0,AU,1535160600,17,-20.73,139.49,75.2,11.41
393,Hudson Bay,100,CA,1535161983,69,52.86,-102.4,63.21,6.73
394,Gaogou,48,CN,1535161984,83,31.12,117.94,80.04,14.45
395,Peterborough,32,GB,1535158560,87,52.57,-0.24,50.0,12.75
396,Tura,36,IN,1535161988,94,25.52,90.21,81.21,3.04
397,Port Elizabeth,1,US,1535158560,87,39.31,-74.98,73.04,7.4
398,Galveston,90,US,1535159820,68,40.58,-86.19,69.98,12.75
399,Puerto Madero,0,AR,1535158800,53,-34.61,-58.36,51.8,5.82
400,Teya,75,MX,1535158320,74,21.05,-89.07,80.6,5.82
401,Igarka,20,RU,1535161996,70,67.47,86.57,60.69,11.65
402,Jutai,20,BR,1535161998,90,-1.71,-47.89,75.36,5.06
403,Serebryansk,75,KZ,1535158800,72,49.68,83.3,64.4,8.95
404,Fort Nelson,90,CA,1535158800,87,58.81,-122.69,51.8,4.7
405,Sola,75,NO,1535160000,93,58.89,5.65,50.0,5.82
406,Bowen,40,AU,1535158800,57,-20.01,148.25,77.0,13.87
407,Muzhi,36,RU,1535161716,94,65.4,64.7,58.17,12.66
408,Bansi,92,IN,1535162009,100,27.18,82.93,77.16,8.75
409,Fallon,1,US,1535158560,28,46.84,-105.12,80.06,9.17
410,Novoagansk,0,RU,1535162012,78,61.94,76.66,62.31,3.49
411,Najran,0,SA,1535158800,21,17.54,44.22,84.2,3.38
412,Mogadishu,92,SO,1535161808,100,2.04,45.34,75.09,15.01
413,Tabuk,92,PH,1535162020,82,17.41,121.44,76.53,2.71
414,Sabang,48,PH,1535162022,76,13.72,123.58,87.24,13.11
415,Actopan,12,MX,1535162023,78,20.27,-98.94,60.33,2.37
416,Monrovia,75,LR,1535160600,94,6.33,-10.8,75.2,6.06
417,Wanlaweyn,92,SO,1535162026,88,2.62,44.89,73.47,8.41
418,Fare,0,PF,1535162028,96,-16.7,-151.02,80.49,9.75
419,Oyotun,0,PE,1535158800,29,-6.85,-79.3,66.2,17.22
420,Sao Gabriel da Cachoeira,24,BR,1535162031,88,-0.13,-67.09,76.53,1.7
421,Lalmohan,80,BD,1535162034,92,22.34,90.74,83.19,14.79
422,Tala,40,MX,1535157840,47,20.65,-103.7,77.0,5.82
423,Zliv,88,CZ,1535162037,91,49.07,14.37,55.65,7.96
424,Resistencia,0,AR,1535158800,70,-27.45,-58.99,51.8,5.82
425,Dombarovskiy,100,RU,1535162041,92,50.76,59.54,57.18,12.21
426,Tignere,88,CM,1535162043,100,7.37,12.65,60.87,2.71
427,Tsimlyansk,0,RU,1535162044,71,47.65,42.1,57.36,7.96
428,Udachnyy,48,RU,1535162046,83,66.42,112.4,52.23,3.38
429,Nogliki,0,RU,1535162048,85,51.8,143.14,59.34,11.1
430,Gusau,100,NG,1535162050,99,12.17,6.66,68.43,6.73
431,Ostrovnoy,8,RU,1535162051,89,68.05,39.51,50.43,17.81
432,Wuwei,64,CN,1535162053,94,37.93,102.64,59.34,2.93
433,Naryan-Mar,0,RU,1535162055,88,67.67,53.09,45.84,4.94
434,Bardejov,0,SK,1535160600,93,49.29,21.28,64.4,4.7
435,Nurota,0,UZ,1535158800,31,40.56,65.69,60.8,4.7
436,Lake Havasu City,1,US,1535160900,21,34.47,-114.34,105.98,8.05
437,Verkhnyaya Inta,100,RU,1535162061,95,65.99,60.32,49.44,4.05
438,Gerash,0,IR,1535158800,54,27.67,54.14,84.2,2.15
439,Opuwo,0,NA,1535162065,50,-18.06,13.84,50.34,4.61
440,Oktyabrskoye,0,RU,1535162067,82,56.73,85.44,62.49,3.49
441,Sergeyevka,12,KZ,1535162068,82,53.88,67.42,54.12,9.08
442,Palana,12,RU,1535162070,66,59.08,159.95,58.53,3.6
443,Katherine,0,AU,1535160600,30,-14.47,132.26,86.0,8.05
444,Amarillo,1,US,1535159700,43,35.21,-101.83,88.88,10.29
445,Kaman,0,TR,1535162075,74,39.36,33.73,53.85,2.48
446,Sinfra,92,CI,1535162077,94,6.62,-5.91,72.93,4.5
447,Fomboni,0,KM,1535162079,100,-12.28,43.74,76.71,10.76
448,Novi Sanzhary,0,UA,1535162081,44,49.33,34.31,54.57,6.17
449,Magdagachi,36,RU,1535162083,71,53.45,125.8,77.52,3.6
450,Barranca,44,PE,1535162087,100,-10.75,-77.76,59.61,11.77
451,Neyshabur,0,IR,1535162089,45,36.21,58.79,60.24,5.06
452,Arlit,0,NE,1535162090,40,18.74,7.39,82.83,8.08
453,San Policarpo,88,PH,1535162093,100,12.18,125.51,81.39,7.07
454,San Ramon,92,NI,1535162095,81,12.92,-85.84,72.57,3.04
455,Atambua,36,ID,1535162097,86,-9.11,124.89,80.76,6.62
456,Novikovo,0,UA,1535162099,100,45.05,34.56,61.95,3.15
457,Umm Kaddadah,92,SD,1535162100,91,13.6,26.69,69.96,8.41
458,Baruun-Urt,0,MN,1535162102,41,46.68,113.28,76.8,6.73
459,Traverse City,90,US,1535161440,84,44.76,-85.62,64.04,10.29
460,Port-Gentil,76,GA,1535162105,100,-0.72,8.78,73.83,9.64
461,Port Shepstone,0,ZA,1535162015,88,-30.74,30.45,63.21,18.14
462,Novovorontsovka,24,UA,1535162109,78,47.5,33.92,66.09,11.1
463,Gondar,20,PT,1535160600,82,41.82,-8.78,59.0,9.17
464,Mumford,88,GH,1535162112,94,5.26,-0.76,73.65,8.97
465,Nome,1,US,1535159700,72,30.04,-94.42,85.1,5.82
466,Raudeberg,88,NO,1535160000,87,61.99,5.14,50.0,9.17
467,Caravelas,64,BR,1535162118,100,-17.73,-39.27,75.63,15.01
468,Faya,0,SA,1535158800,52,18.39,42.45,69.8,2.71
469,Pakxan,100,LA,1535162121,100,18.39,103.66,72.57,1.14
470,Kisangani,0,CD,1535162122,99,0.52,25.21,67.89,2.04
471,Mount Gambier,0,AU,1535162125,80,-37.83,140.78,59.97,3.38
472,Kavaratti,36,IN,1535162128,95,10.57,72.64,82.47,14.79
473,Nobres,12,BR,1535162130,89,-14.72,-56.34,70.41,0.02
474,Rabo de Peixe,20,PT,1535160600,78,37.8,-25.58,71.6,6.93
475,Paamiut,100,GL,1535162133,97,61.99,-49.67,42.42,6.4
476,Sioux Lookout,90,CA,1535158800,77,50.1,-91.92,71.6,2.24
477,Manjacaze,0,MZ,1535162136,90,-24.71,33.88,60.51,2.04
478,Bom Jesus,0,BR,1535162138,40,-9.08,-44.36,75.45,8.52
479,Banjar,44,ID,1535162057,53,-7.37,108.54,80.94,3.49
480,Jonkoping,20,SE,1535160000,100,57.78,14.16,48.2,5.82
481,Salinopolis,36,BR,1535162143,95,-0.61,-47.36,80.49,14.45
482,Ankazobe,40,MG,1535160600,87,-18.32,47.12,51.8,5.82
483,Anori,0,BR,1535162147,65,-3.74,-61.66,80.67,4.05
484,Ailigandi,92,PA,1535162148,98,9.23,-78.02,75.99,1.92
485,Richards Bay,44,ZA,1535162150,96,-28.77,32.06,61.14,8.08
486,Ito,20,JP,1535158800,79,34.93,139.09,86.0,24.16
487,Buta,48,CD,1535162153,96,2.79,24.73,68.79,2.04
488,Bundaberg,64,AU,1535162155,87,-24.87,152.35,68.79,16.02
489,Harper,1,US,1535159700,29,30.3,-99.24,93.92,10.54
490,Nchelenge,0,ZM,1535162158,88,-9.35,28.74,66.45,2.93
491,Tessalit,88,ML,1535162159,72,20.2,1.01,74.19,3.38
492,Yarada,88,IN,1535162161,100,17.65,83.27,80.67,23.73
493,Vardo,75,US,1535160600,72,39.62,-77.74,73.94,4.5
494,Tandil,0,AR,1535162165,67,-37.33,-59.14,40.08,13.44
495,Vestmannaeyjar,8,IS,1535162166,95,63.44,-20.27,47.64,7.63
496,Tual,88,ID,1535162037,100,-5.67,132.75,77.52,10.42
497,Novomykolayivka,0,UA,1535162169,58,48.54,32.26,54.21,5.95
498,Puerto Narino,20,CO,1535158800,100,-3.77,-70.38,77.0,2.37
499,Esso,20,RU,1535162174,50,55.93,158.7,57.09,3.04
500,Gold Coast,40,AU,1535160600,52,-28.0,153.41,68.0,11.41
501,Lerwick,68,GB,1535160000,81,60.15,-1.15,51.8,18.34
502,Worthington,1,US,1535160900,94,43.62,-95.6,73.04,4.7
503,Nemuro,75,JP,1535158800,93,43.32,145.57,57.2,11.41
504,Yarmouth,0,GB,1535158200,93,50.71,-1.5,46.4,6.93
505,Pittsburg,1,US,1535160900,47,38.02,-121.89,80.96,8.05
506,Ugoofaaru,56,MV,1535162185,100,5.67,73.0,81.48,9.42
507,Antalaha,80,MG,1535162187,91,-14.9,50.28,66.63,9.42
508,Nova Olinda do Norte,0,BR,1535162188,73,-3.89,-59.1,80.04,4.61
509,Gari,92,RU,1535162190,97,59.43,62.35,54.12,4.5
510,Kahului,75,US,1535160840,88,20.89,-156.47,75.2,21.92
511,Georgiyevka,0,RU,1535162193,72,52.25,40.45,46.92,2.71
512,Mchinji,0,MW,1535162195,90,-13.8,32.89,54.66,6.62
513,Berdigestyakh,8,RU,1535162197,84,62.1,126.7,61.86,3.71
514,Abengourou,92,CI,1535162199,98,6.73,-3.5,71.85,6.4
515,Kroya,0,ID,1535162200,56,-6.5,108.06,86.7,3.71
516,Port Hardy,40,CA,1535158800,67,50.7,-127.42,62.6,10.29
517,Labuhan,0,ID,1535162203,73,-2.54,115.51,85.17,2.93
518,Mandalgovi,92,MN,1535162204,100,45.76,106.27,55.2,12.1
519,Kargasok,0,RU,1535162206,88,59.06,80.87,59.52,3.15
520,Kasongo-Lunda,88,CD,1535162208,93,-6.48,16.82,68.34,2.37
521,Dudinka,0,RU,1535162209,59,69.41,86.18,63.39,8.97
522,Big Rapids,90,US,1535160960,89,43.7,-85.48,64.22,3.36
523,Tres Rios,1,US,1535160900,47,34.56,-111.85,82.04,9.17
524,Requena,0,ES,1535160600,83,39.49,-1.1,75.2,4.7
525,Zhigansk,0,RU,1535162216,64,66.77,123.37,58.26,3.49
526,Coihaique,90,CL,1535158800,89,-45.58,-72.07,39.2,8.05
527,Marica,0,BR,1535158800,73,-22.92,-42.82,77.0,4.7
528,Hastings,8,NZ,1535162100,78,-39.64,176.84,57.81,20.49
529,Inirida,12,CO,1535162222,91,3.87,-67.92,74.82,2.48
530,Chopda,76,IN,1535162224,88,21.25,75.3,78.42,9.98
531,Pinega,0,RU,1535162226,95,64.7,43.39,50.07,5.73
532,Kawalu,0,ID,1535162227,61,-7.38,108.21,77.52,2.59
533,Deputatskiy,0,RU,1535162228,64,69.3,139.9,50.79,4.38
534,Bunol,0,ES,1535160600,83,39.42,-0.78,75.2,4.7
535,Springfield,75,US,1535161920,76,37.22,-93.29,80.96,11.41
536,Port Lincoln,0,AU,1535162233,83,-34.72,135.86,62.04,3.38
537,Torbat-e Jam,0,IR,1535162235,32,35.24,60.63,61.95,6.17
538,Dong Xoai,92,VN,1535162236,91,11.53,106.92,80.22,6.17
539,Mahon,20,IE,1535160600,87,51.89,-8.4,48.2,5.82
540,Bonthe,92,SL,1535162242,97,7.53,-12.5,76.17,4.16
541,Kedrovyy,0,RU,1535158800,87,56.17,91.82,57.2,2.24
542,Thinadhoo,64,MV,1535162245,100,0.53,72.93,82.02,3.15
